log_id,log_date,machine_id,running_hours,downtime_hours,downtime_reason,maintenance_cost
1,2025-07-01,MILL-01,13.8,6.6,Belt Replacement,0.0
2,2025-07-01,MILL-02,9.7,10.0,Power Outage,0.0
3,2025-07-02,MILL-01,11.6,6.9,Mechanical Fault,194.33
4,2025-07-02,MILL-02,14.4,3.9,Operator Break,0.0
5,2025-07-03,MILL-01,10.8,9.0,Belt Replacement,0.0
6,2025-07-03,MILL-02,14.1,4.1,Mechanical Fault,163.54
7,2025-07-04,MILL-01,15.1,6.1,Mechanical Fault,114.35
8,2025-07-04,MILL-02,14.7,7.0,Belt Replacement,0.0
9,2025-07-05,MILL-01,16.5,5.2,Mechanical Fault,112.69
10,2025-07-05,MILL-02,16.1,2.8,Power Outage,0.0
11,2025-07-06,MILL-01,16.4,2.1,Power Outage,0.0
12,2025-07-06,MILL-02,10.5,10.0,Power Outage,0.0
13,2025-07-07,MILL-01,17.8,2.6,Operator Break,0.0
14,2025-07-07,MILL-02,15.0,4.7,Power Outage,0.0
15,2025-07-08,MILL-01,13.0,8.5,Mechanical Fault,317.47
16,2025-07-08,MILL-02,14.0,4.9,Mechanical Fault,308.51
17,2025-07-09,MILL-01,14.2,6.8,Mechanical Fault,74.89
18,2025-07-09,MILL-02,16.5,3.4,Belt Replacement,0.0
19,2025-07-10,MILL-01,17.2,1.6,Scheduled Maintenance,0.0
20,2025-07-10,MILL-02,15.1,6.6,Scheduled Maintenance,0.0
21,2025-07-11,MILL-01,12.2,7.4,Operator Break,0.0
22,2025-07-11,MILL-02,12.6,9.3,Belt Replacement,0.0
23,2025-07-12,MILL-01,11.7,8.3,Power Outage,0.0
24,2025-07-12,MILL-02,16.3,4.3,Power Outage,0.0
25,2025-07-13,MILL-01,10.3,8.5,Scheduled Maintenance,0.0
26,2025-07-13,MILL-02,14.2,5.3,Mechanical Fault,170.07
27,2025-07-14,MILL-01,15.4,4.9,Scheduled Maintenance,0.0
28,2025-07-14,MILL-02,11.0,7.1,Scheduled Maintenance,0.0
29,2025-07-15,MILL-01,10.7,9.0,Operator Break,0.0
30,2025-07-15,MILL-02,13.7,6.4,Operator Break,0.0
31,2025-07-16,MILL-01,11.6,7.9,Operator Break,0.0
32,2025-07-16,MILL-02,16.1,5.0,Mechanical Fault,132.75
33,2025-07-17,MILL-01,17.0,3.3,Power Outage,0.0
34,2025-07-17,MILL-02,15.7,3.7,Power Outage,0.0
35,2025-07-18,MILL-01,18.2,2.8,Power Outage,0.0
36,2025-07-18,MILL-02,10.6,8.2,Power Outage,0.0
37,2025-07-19,MILL-01,10.6,9.9,Operator Break,0.0
38,2025-07-19,MILL-02,14.9,3.5,Belt Replacement,0.0
39,2025-07-20,MILL-01,12.5,9.4,Operator Break,0.0
40,2025-07-20,MILL-02,16.2,5.0,Mechanical Fault,104.83
41,2025-07-21,MILL-01,17.3,3.3,Belt Replacement,0.0
42,2025-07-21,MILL-02,16.5,3.7,Power Outage,0.0
43,2025-07-22,MILL-01,13.6,7.6,Power Outage,0.0
44,2025-07-22,MILL-02,14.9,4.1,Belt Replacement,0.0
45,2025-07-23,MILL-01,18.3,2.9,Belt Replacement,0.0
46,2025-07-23,MILL-02,10.5,8.5,Operator Break,0.0
47,2025-07-24,MILL-01,12.3,6.1,Mechanical Fault,391.99
48,2025-07-24,MILL-02,9.1,10.0,Mechanical Fault,320.9
49,2025-07-25,MILL-01,12.1,8.5,Power Outage,0.0
50,2025-07-25,MILL-02,11.2,10.0,Operator Break,0.0
51,2025-07-26,MILL-01,13.3,5.9,Belt Replacement,0.0
52,2025-07-26,MILL-02,14.0,5.5,Power Outage,0.0
53,2025-07-27,MILL-01,11.2,7.3,Power Outage,0.0
54,2025-07-27,MILL-02,12.8,7.5,Power Outage,0.0
55,2025-07-28,MILL-01,14.5,5.7,Belt Replacement,0.0
56,2025-07-28,MILL-02,14.0,7.3,Belt Replacement,0.0
57,2025-07-29,MILL-01,17.3,4.4,Power Outage,0.0
58,2025-07-29,MILL-02,13.4,6.3,Scheduled Maintenance,0.0
59,2025-07-30,MILL-01,16.5,2.2,Mechanical Fault,190.88
60,2025-07-30,MILL-02,9.9,10.0,Mechanical Fault,201.63
61,2025-07-31,MILL-01,13.9,5.4,Mechanical Fault,39.46
62,2025-07-31,MILL-02,13.2,6.7,Mechanical Fault,73.23
63,2025-08-01,MILL-01,9.2,10.0,Operator Break,0.0
64,2025-08-01,MILL-02,14.3,7.5,Power Outage,0.0
65,2025-08-02,MILL-01,15.6,5.3,Mechanical Fault,339.87
66,2025-08-02,MILL-02,10.8,7.5,Operator Break,0.0
67,2025-08-03,MILL-01,15.2,6.5,Power Outage,0.0
68,2025-08-03,MILL-02,16.3,5.3,Belt Replacement,0.0
69,2025-08-04,MILL-01,9.7,10.0,Scheduled Maintenance,0.0
70,2025-08-04,MILL-02,14.8,4.9,Power Outage,0.0
71,2025-08-05,MILL-01,14.3,6.2,Scheduled Maintenance,0.0
72,2025-08-05,MILL-02,11.2,10.0,Mechanical Fault,174.6
73,2025-08-06,MILL-01,10.4,10.0,Power Outage,0.0
74,2025-08-06,MILL-02,12.8,6.4,Belt Replacement,0.0
75,2025-08-07,MILL-01,14.9,4.9,Power Outage,0.0
76,2025-08-07,MILL-02,14.4,6.6,Power Outage,0.0
77,2025-08-08,MILL-01,16.8,3.5,Power Outage,0.0
78,2025-08-08,MILL-02,17.1,3.7,Power Outage,0.0
79,2025-08-09,MILL-01,14.2,7.1,Belt Replacement,0.0
80,2025-08-09,MILL-02,8.6,10.0,Mechanical Fault,134.49
81,2025-08-10,MILL-01,13.2,4.8,Belt Replacement,0.0
82,2025-08-10,MILL-02,8.7,9.7,Operator Break,0.0
83,2025-08-11,MILL-01,10.6,10.0,Scheduled Maintenance,0.0
84,2025-08-11,MILL-02,15.5,5.0,Scheduled Maintenance,0.0
85,2025-08-12,MILL-01,19.4,2.4,Mechanical Fault,51.71
86,2025-08-12,MILL-02,13.7,4.7,Power Outage,0.0
87,2025-08-13,MILL-01,12.8,8.1,Belt Replacement,0.0
88,2025-08-13,MILL-02,9.3,10.0,Power Outage,0.0
89,2025-08-14,MILL-01,11.7,9.7,Mechanical Fault,321.11
90,2025-08-14,MILL-02,16.0,4.9,Power Outage,0.0
91,2025-08-15,MILL-01,13.6,8.3,Operator Break,0.0
92,2025-08-15,MILL-02,14.4,3.7,Belt Replacement,0.0
93,2025-08-16,MILL-01,11.5,10.0,Operator Break,0.0
94,2025-08-16,MILL-02,12.1,6.1,Scheduled Maintenance,0.0
95,2025-08-17,MILL-01,15.8,2.8,Belt Replacement,0.0
96,2025-08-17,MILL-02,11.1,7.5,Power Outage,0.0
97,2025-08-18,MILL-01,16.2,2.2,Power Outage,0.0
98,2025-08-18,MILL-02,13.5,7.1,Mechanical Fault,163.22
99,2025-08-19,MILL-01,15.3,4.6,Power Outage,0.0
100,2025-08-19,MILL-02,17.3,2.2,Scheduled Maintenance,0.0
101,2025-08-20,MILL-01,14.6,7.0,Power Outage,0.0
102,2025-08-20,MILL-02,14.0,6.7,Scheduled Maintenance,0.0
103,2025-08-21,MILL-01,19.9,0.0,,0.0
104,2025-08-21,MILL-02,17.2,1.4,Scheduled Maintenance,0.0
105,2025-08-22,MILL-01,20.0,0.0,,0.0
106,2025-08-22,MILL-02,12.9,5.6,Belt Replacement,0.0
107,2025-08-23,MILL-01,12.5,9.4,Scheduled Maintenance,0.0
108,2025-08-23,MILL-02,16.0,3.0,Belt Replacement,0.0
109,2025-08-24,MILL-01,12.2,9.3,Power Outage,0.0
110,2025-08-24,MILL-02,13.2,4.9,Belt Replacement,0.0
111,2025-08-25,MILL-01,10.3,9.7,Mechanical Fault,171.94
112,2025-08-25,MILL-02,14.1,5.5,Scheduled Maintenance,0.0
113,2025-08-26,MILL-01,13.0,5.3,Scheduled Maintenance,0.0
114,2025-08-26,MILL-02,16.2,3.4,Power Outage,0.0
115,2025-08-27,MILL-01,15.1,5.8,Operator Break,0.0
116,2025-08-27,MILL-02,13.0,5.7,Mechanical Fault,389.96
117,2025-08-28,MILL-01,14.7,5.8,Mechanical Fault,207.31
118,2025-08-28,MILL-02,13.0,9.0,Scheduled Maintenance,0.0
119,2025-08-29,MILL-01,15.5,5.9,Power Outage,0.0
120,2025-08-29,MILL-02,19.5,0.8,,0.0
121,2025-08-30,MILL-01,14.7,3.3,Belt Replacement,0.0
122,2025-08-30,MILL-02,11.3,8.6,Power Outage,0.0
123,2025-08-31,MILL-01,10.9,9.8,Belt Replacement,0.0
124,2025-08-31,MILL-02,13.6,7.2,Power Outage,0.0
125,2025-09-01,MILL-01,14.0,4.7,Scheduled Maintenance,0.0
126,2025-09-01,MILL-02,16.1,4.7,Belt Replacement,0.0
127,2025-09-02,MILL-01,14.4,4.4,Mechanical Fault,272.58
128,2025-09-02,MILL-02,11.9,9.3,Power Outage,0.0
129,2025-09-03,MILL-01,10.3,9.1,Operator Break,0.0
130,2025-09-03,MILL-02,16.5,2.9,Power Outage,0.0
131,2025-09-04,MILL-01,20.0,0.5,,0.0
132,2025-09-04,MILL-02,12.8,8.6,Mechanical Fault,41.01
133,2025-09-05,MILL-01,12.7,6.9,Operator Break,0.0
134,2025-09-05,MILL-02,16.4,3.1,Belt Replacement,0.0
135,2025-09-06,MILL-01,10.1,10.0,Scheduled Maintenance,0.0
136,2025-09-06,MILL-02,14.8,4.7,Scheduled Maintenance,0.0
137,2025-09-07,MILL-01,16.3,4.4,Power Outage,0.0
138,2025-09-07,MILL-02,15.3,3.7,Mechanical Fault,356.28
139,2025-09-08,MILL-01,13.0,6.2,Power Outage,0.0
140,2025-09-08,MILL-02,13.8,5.6,Belt Replacement,0.0
141,2025-09-09,MILL-01,18.0,2.5,Power Outage,0.0
142,2025-09-09,MILL-02,18.3,3.7,Belt Replacement,0.0
143,2025-09-10,MILL-01,15.5,3.5,Belt Replacement,0.0
144,2025-09-10,MILL-02,10.4,8.5,Operator Break,0.0
145,2025-09-11,MILL-01,15.3,6.3,Scheduled Maintenance,0.0
146,2025-09-11,MILL-02,14.4,6.0,Operator Break,0.0
147,2025-09-12,MILL-01,14.0,7.2,Power Outage,0.0
148,2025-09-12,MILL-02,16.6,4.5,Power Outage,0.0
149,2025-09-13,MILL-01,18.9,1.9,Scheduled Maintenance,0.0
150,2025-09-13,MILL-02,14.2,7.4,Power Outage,0.0
151,2025-09-14,MILL-01,10.7,7.6,Scheduled Maintenance,0.0
152,2025-09-14,MILL-02,18.7,0.3,,0.0
153,2025-09-15,MILL-01,12.5,7.1,Operator Break,0.0
154,2025-09-15,MILL-02,11.7,8.1,Operator Break,0.0
155,2025-09-16,MILL-01,12.9,8.1,Mechanical Fault,204.19
156,2025-09-16,MILL-02,15.3,5.6,Operator Break,0.0
157,2025-09-17,MILL-01,17.5,3.0,Power Outage,0.0
158,2025-09-17,MILL-02,15.1,6.7,Belt Replacement,0.0
159,2025-09-18,MILL-01,13.8,7.6,Power Outage,0.0
160,2025-09-18,MILL-02,9.0,10.0,Scheduled Maintenance,0.0
161,2025-09-19,MILL-01,14.3,3.8,Belt Replacement,0.0
162,2025-09-19,MILL-02,15.8,5.5,Mechanical Fault,383.62
163,2025-09-20,MILL-01,10.7,8.5,Power Outage,0.0
164,2025-09-20,MILL-02,15.2,6.4,Belt Replacement,0.0
165,2025-09-21,MILL-01,12.2,9.8,Power Outage,0.0
166,2025-09-21,MILL-02,12.0,8.0,Operator Break,0.0
167,2025-09-22,MILL-01,12.7,9.0,Mechanical Fault,175.32
168,2025-09-22,MILL-02,17.1,2.6,Belt Replacement,0.0
169,2025-09-23,MILL-01,17.0,2.9,Scheduled Maintenance,0.0
170,2025-09-23,MILL-02,16.3,4.8,Power Outage,0.0
171,2025-09-24,MILL-01,13.2,7.6,Scheduled Maintenance,0.0
172,2025-09-24,MILL-02,9.7,10.0,Power Outage,0.0
173,2025-09-25,MILL-01,17.1,3.5,Belt Replacement,0.0
174,2025-09-25,MILL-02,14.8,4.0,Scheduled Maintenance,0.0
175,2025-09-26,MILL-01,9.8,9.5,Power Outage,0.0
176,2025-09-26,MILL-02,13.8,6.5,Power Outage,0.0
177,2025-09-27,MILL-01,16.4,2.7,Operator Break,0.0
178,2025-09-27,MILL-02,13.0,7.3,Scheduled Maintenance,0.0
179,2025-09-28,MILL-01,15.0,4.3,Power Outage,0.0
180,2025-09-28,MILL-02,14.9,6.1,Mechanical Fault,153.47
181,2025-09-29,MILL-01,18.4,2.1,Belt Replacement,0.0
182,2025-09-29,MILL-02,13.8,5.8,Operator Break,0.0
183,2025-09-30,MILL-01,16.7,5.0,Belt Replacement,0.0
184,2025-09-30,MILL-02,13.7,4.6,Scheduled Maintenance,0.0
185,2025-10-01,MILL-01,13.8,6.4,Power Outage,0.0
186,2025-10-01,MILL-02,11.9,10.0,Scheduled Maintenance,0.0
187,2025-10-02,MILL-01,13.1,5.0,Mechanical Fault,139.7
188,2025-10-02,MILL-02,10.4,10.0,Scheduled Maintenance,0.0
189,2025-10-03,MILL-01,16.3,2.7,Belt Replacement,0.0
190,2025-10-03,MILL-02,16.7,1.8,Belt Replacement,0.0
191,2025-10-04,MILL-01,11.3,7.4,Scheduled Maintenance,0.0
192,2025-10-04,MILL-02,14.6,3.5,Operator Break,0.0
193,2025-10-05,MILL-01,15.2,6.2,Mechanical Fault,126.57
194,2025-10-05,MILL-02,13.3,5.5,Belt Replacement,0.0
195,2025-10-06,MILL-01,16.1,4.8,Scheduled Maintenance,0.0
196,2025-10-06,MILL-02,13.8,8.0,Belt Replacement,0.0
197,2025-10-07,MILL-01,17.6,3.5,Operator Break,0.0
198,2025-10-07,MILL-02,12.4,6.5,Belt Replacement,0.0
199,2025-10-08,MILL-01,14.1,5.2,Mechanical Fault,24.01
200,2025-10-08,MILL-02,11.6,8.8,Belt Replacement,0.0
201,2025-10-09,MILL-01,13.4,7.9,Mechanical Fault,319.14
202,2025-10-09,MILL-02,13.3,6.8,Belt Replacement,0.0
203,2025-10-10,MILL-01,13.7,7.7,Operator Break,0.0
204,2025-10-10,MILL-02,15.2,5.6,Mechanical Fault,344.68
205,2025-10-11,MILL-01,14.7,6.6,Operator Break,0.0
206,2025-10-11,MILL-02,15.5,5.2,Mechanical Fault,164.73
207,2025-10-12,MILL-01,13.9,6.6,Operator Break,0.0
208,2025-10-12,MILL-02,17.5,4.3,Mechanical Fault,39.97
209,2025-10-13,MILL-01,13.4,6.6,Operator Break,0.0
210,2025-10-13,MILL-02,11.8,9.9,Operator Break,0.0
211,2025-10-14,MILL-01,11.9,6.6,Mechanical Fault,59.29
212,2025-10-14,MILL-02,20.0,0.0,,0.0
213,2025-10-15,MILL-01,16.2,3.8,Operator Break,0.0
214,2025-10-15,MILL-02,8.9,10.0,Belt Replacement,0.0
215,2025-10-16,MILL-01,15.4,4.4,Scheduled Maintenance,0.0
216,2025-10-16,MILL-02,11.2,9.5,Scheduled Maintenance,0.0
217,2025-10-17,MILL-01,18.5,3.1,Belt Replacement,0.0
218,2025-10-17,MILL-02,10.7,8.4,Power Outage,0.0
219,2025-10-18,MILL-01,12.5,8.4,Mechanical Fault,328.19
220,2025-10-18,MILL-02,9.4,10.0,Mechanical Fault,16.24
221,2025-10-19,MILL-01,15.0,3.7,Power Outage,0.0
222,2025-10-19,MILL-02,13.3,6.3,Belt Replacement,0.0
223,2025-10-20,MILL-01,19.4,1.4,Scheduled Maintenance,0.0
224,2025-10-20,MILL-02,12.7,7.2,Belt Replacement,0.0
225,2025-10-21,MILL-01,15.0,6.0,Mechanical Fault,31.08
226,2025-10-21,MILL-02,11.7,7.5,Power Outage,0.0
227,2025-10-22,MILL-01,12.4,7.0,Operator Break,0.0
228,2025-10-22,MILL-02,15.5,5.7,Power Outage,0.0
229,2025-10-23,MILL-01,16.0,3.7,Power Outage,0.0
230,2025-10-23,MILL-02,12.1,7.8,Operator Break,0.0
231,2025-10-24,MILL-01,12.4,6.0,Operator Break,0.0
232,2025-10-24,MILL-02,16.1,5.6,Mechanical Fault,292.35
233,2025-10-25,MILL-01,10.4,8.1,Power Outage,0.0
234,2025-10-25,MILL-02,11.1,7.3,Mechanical Fault,320.81
235,2025-10-26,MILL-01,14.7,4.5,Scheduled Maintenance,0.0
236,2025-10-26,MILL-02,12.1,9.1,Mechanical Fault,173.3
237,2025-10-27,MILL-01,11.9,9.6,Belt Replacement,0.0
238,2025-10-27,MILL-02,13.4,5.6,Belt Replacement,0.0
239,2025-10-28,MILL-01,15.1,3.6,Scheduled Maintenance,0.0
240,2025-10-28,MILL-02,16.7,1.8,Scheduled Maintenance,0.0
241,2025-10-29,MILL-01,17.4,2.9,Power Outage,0.0
242,2025-10-29,MILL-02,12.2,7.3,Mechanical Fault,305.94
243,2025-10-30,MILL-01,14.4,5.4,Mechanical Fault,278.26
244,2025-10-30,MILL-02,12.1,6.2,Belt Replacement,0.0
245,2025-10-31,MILL-01,15.2,2.9,Operator Break,0.0
246,2025-10-31,MILL-02,12.9,5.6,Scheduled Maintenance,0.0
247,2025-11-01,MILL-01,14.0,6.7,Scheduled Maintenance,0.0
248,2025-11-01,MILL-02,17.6,1.1,Scheduled Maintenance,0.0
249,2025-11-02,MILL-01,14.9,6.8,Belt Replacement,0.0
250,2025-11-02,MILL-02,10.6,8.3,Mechanical Fault,394.31
251,2025-11-03,MILL-01,20.0,1.9,Operator Break,0.0
252,2025-11-03,MILL-02,14.5,6.8,Operator Break,0.0
253,2025-11-04,MILL-01,12.7,6.5,Belt Replacement,0.0
254,2025-11-04,MILL-02,11.6,9.8,Operator Break,0.0
255,2025-11-05,MILL-01,13.3,8.0,Operator Break,0.0
256,2025-11-05,MILL-02,17.6,2.5,Operator Break,0.0
257,2025-11-06,MILL-01,13.0,6.8,Power Outage,0.0
258,2025-11-06,MILL-02,14.4,5.2,Mechanical Fault,83.21
259,2025-11-07,MILL-01,15.7,2.6,Mechanical Fault,55.58
260,2025-11-07,MILL-02,14.2,5.9,Mechanical Fault,380.69
261,2025-11-08,MILL-01,17.1,2.2,Operator Break,0.0
262,2025-11-08,MILL-02,12.5,6.8,Power Outage,0.0
263,2025-11-09,MILL-01,15.4,4.2,Belt Replacement,0.0
264,2025-11-09,MILL-02,11.6,10.0,Power Outage,0.0
265,2025-11-10,MILL-01,15.9,2.9,Scheduled Maintenance,0.0
266,2025-11-10,MILL-02,16.7,1.9,Power Outage,0.0
267,2025-11-11,MILL-01,14.3,3.8,Mechanical Fault,32.17
268,2025-11-11,MILL-02,16.7,3.0,Power Outage,0.0
269,2025-11-12,MILL-01,12.9,6.9,Belt Replacement,0.0
270,2025-11-12,MILL-02,15.2,4.8,Operator Break,0.0
271,2025-11-13,MILL-01,13.9,7.7,Operator Break,0.0
272,2025-11-13,MILL-02,14.1,6.3,Power Outage,0.0
273,2025-11-14,MILL-01,10.6,8.9,Scheduled Maintenance,0.0
274,2025-11-14,MILL-02,12.9,7.1,Belt Replacement,0.0
275,2025-11-15,MILL-01,10.3,8.0,Power Outage,0.0
276,2025-11-15,MILL-02,19.3,0.0,,0.0
277,2025-11-16,MILL-01,11.5,9.4,Mechanical Fault,124.23
278,2025-11-16,MILL-02,12.7,7.1,Mechanical Fault,365.74
279,2025-11-17,MILL-01,13.3,8.3,Scheduled Maintenance,0.0
280,2025-11-17,MILL-02,12.7,6.8,Scheduled Maintenance,0.0
281,2025-11-18,MILL-01,10.7,7.8,Operator Break,0.0
282,2025-11-18,MILL-02,15.4,5.1,Belt Replacement,0.0
283,2025-11-19,MILL-01,14.9,5.1,Operator Break,0.0
284,2025-11-19,MILL-02,16.6,4.5,Mechanical Fault,100.03
285,2025-11-20,MILL-01,11.8,7.7,Scheduled Maintenance,0.0
286,2025-11-20,MILL-02,15.5,3.7,Mechanical Fault,268.17
287,2025-11-21,MILL-01,11.0,10.0,Scheduled Maintenance,0.0
288,2025-11-21,MILL-02,15.6,6.0,Operator Break,0.0
289,2025-11-22,MILL-01,9.7,9.9,Scheduled Maintenance,0.0
290,2025-11-22,MILL-02,17.4,1.6,Scheduled Maintenance,0.0
291,2025-11-23,MILL-01,17.1,1.3,Scheduled Maintenance,0.0
292,2025-11-23,MILL-02,8.9,10.0,Operator Break,0.0
293,2025-11-24,MILL-01,15.2,5.7,Power Outage,0.0
294,2025-11-24,MILL-02,15.7,4.5,Belt Replacement,0.0
295,2025-11-25,MILL-01,8.6,9.7,Belt Replacement,0.0
296,2025-11-25,MILL-02,11.7,6.6,Operator Break,0.0
297,2025-11-26,MILL-01,11.9,9.7,Scheduled Maintenance,0.0
298,2025-11-26,MILL-02,15.1,6.5,Belt Replacement,0.0
299,2025-11-27,MILL-01,12.4,8.9,Mechanical Fault,260.86
300,2025-11-27,MILL-02,17.2,4.6,Power Outage,0.0
301,2025-11-28,MILL-01,13.1,6.0,Operator Break,0.0
302,2025-11-28,MILL-02,16.0,3.2,Operator Break,0.0
303,2025-11-29,MILL-01,13.5,7.6,Power Outage,0.0
304,2025-11-29,MILL-02,15.9,2.3,Mechanical Fault,134.1
305,2025-11-30,MILL-01,11.3,9.5,Power Outage,0.0
306,2025-11-30,MILL-02,9.8,8.6,Scheduled Maintenance,0.0
307,2025-12-01,MILL-01,8.8,10.0,Belt Replacement,0.0
308,2025-12-01,MILL-02,11.0,10.0,Operator Break,0.0
309,2025-12-02,MILL-01,9.9,8.2,Power Outage,0.0
310,2025-12-02,MILL-02,14.5,5.8,Power Outage,0.0
311,2025-12-03,MILL-01,17.5,4.0,Power Outage,0.0
312,2025-12-03,MILL-02,18.2,1.4,Operator Break,0.0
313,2025-12-04,MILL-01,16.8,3.6,Operator Break,0.0
314,2025-12-04,MILL-02,7.3,10.0,Belt Replacement,0.0
315,2025-12-05,MILL-01,11.6,8.9,Mechanical Fault,59.1
316,2025-12-05,MILL-02,12.8,8.1,Mechanical Fault,256.11
317,2025-12-06,MILL-01,18.4,1.4,Operator Break,0.0
318,2025-12-06,MILL-02,11.9,7.5,Operator Break,0.0
319,2025-12-07,MILL-01,14.8,3.5,Belt Replacement,0.0
320,2025-12-07,MILL-02,15.1,4.0,Belt Replacement,0.0
321,2025-12-08,MILL-01,19.5,0.0,,0.0
322,2025-12-08,MILL-02,14.6,4.1,Mechanical Fault,377.19
323,2025-12-09,MILL-01,16.7,4.0,Belt Replacement,0.0
324,2025-12-09,MILL-02,15.6,3.0,Belt Replacement,0.0
325,2025-12-10,MILL-01,12.7,8.2,Operator Break,0.0
326,2025-12-10,MILL-02,11.5,7.5,Belt Replacement,0.0
327,2025-12-11,MILL-01,10.2,7.9,Mechanical Fault,290.92
328,2025-12-11,MILL-02,12.9,8.4,Mechanical Fault,245.58
329,2025-12-12,MILL-01,12.2,8.1,Operator Break,0.0
330,2025-12-12,MILL-02,20.0,1.4,Scheduled Maintenance,0.0
331,2025-12-13,MILL-01,10.7,10.0,Mechanical Fault,228.61
332,2025-12-13,MILL-02,17.1,2.6,Belt Replacement,0.0
333,2025-12-14,MILL-01,16.7,5.1,Mechanical Fault,279.1
334,2025-12-14,MILL-02,15.2,4.9,Operator Break,0.0
335,2025-12-15,MILL-01,12.5,6.0,Belt Replacement,0.0
336,2025-12-15,MILL-02,14.3,4.3,Belt Replacement,0.0
337,2025-12-16,MILL-01,16.4,2.8,Belt Replacement,0.0
338,2025-12-16,MILL-02,16.6,2.9,Operator Break,0.0
339,2025-12-17,MILL-01,14.5,6.2,Power Outage,0.0
340,2025-12-17,MILL-02,14.1,4.4,Mechanical Fault,305.6
341,2025-12-18,MILL-01,16.8,5.1,Scheduled Maintenance,0.0
342,2025-12-18,MILL-02,15.2,6.1,Belt Replacement,0.0
343,2025-12-19,MILL-01,14.5,6.2,Belt Replacement,0.0
344,2025-12-19,MILL-02,11.5,9.6,Power Outage,0.0
345,2025-12-20,MILL-01,16.7,3.8,Operator Break,0.0
346,2025-12-20,MILL-02,13.6,6.8,Power Outage,0.0
347,2025-12-21,MILL-01,13.4,8.6,Mechanical Fault,41.43
348,2025-12-21,MILL-02,11.9,9.6,Operator Break,0.0
349,2025-12-22,MILL-01,11.0,7.7,Power Outage,0.0
350,2025-12-22,MILL-02,16.0,2.1,Mechanical Fault,80.41
351,2025-12-23,MILL-01,13.4,7.8,Mechanical Fault,274.74
352,2025-12-23,MILL-02,12.5,7.6,Operator Break,0.0
353,2025-12-24,MILL-01,12.8,7.0,Mechanical Fault,327.77
354,2025-12-24,MILL-02,11.4,10.0,Mechanical Fault,76.24
355,2025-12-25,MILL-01,16.6,4.5,Scheduled Maintenance,0.0
356,2025-12-25,MILL-02,20.0,0.0,,0.0
357,2025-12-26,MILL-01,8.8,10.0,Power Outage,0.0
358,2025-12-26,MILL-02,13.9,6.8,Belt Replacement,0.0
359,2025-12-27,MILL-01,15.2,5.5,Operator Break,0.0
360,2025-12-27,MILL-02,14.2,5.1,Power Outage,0.0
361,2025-12-28,MILL-01,12.5,6.8,Belt Replacement,0.0
362,2025-12-28,MILL-02,8.4,10.0,Mechanical Fault,312.03
363,2025-12-29,MILL-01,11.8,6.3,Power Outage,0.0
364,2025-12-29,MILL-02,18.7,3.3,Power Outage,0.0
365,2025-12-30,MILL-01,11.1,8.4,Operator Break,0.0
366,2025-12-30,MILL-02,12.3,9.6,Power Outage,0.0
367,2025-12-31,MILL-01,12.3,7.4,Mechanical Fault,12.01
368,2025-12-31,MILL-02,17.3,3.4,Scheduled Maintenance,0.0
369,2026-01-01,MILL-01,14.9,4.7,Scheduled Maintenance,0.0
370,2026-01-01,MILL-02,18.0,3.2,Power Outage,0.0
371,2026-01-02,MILL-01,8.5,9.7,Operator Break,0.0
372,2026-01-02,MILL-02,13.6,5.9,Mechanical Fault,264.47
373,2026-01-03,MILL-01,13.7,5.9,Mechanical Fault,188.97
374,2026-01-03,MILL-02,14.0,4.4,Power Outage,0.0
375,2026-01-04,MILL-01,13.7,6.1,Operator Break,0.0
376,2026-01-04,MILL-02,15.0,6.6,Scheduled Maintenance,0.0
377,2026-01-05,MILL-01,12.9,5.5,Scheduled Maintenance,0.0
378,2026-01-05,MILL-02,12.2,6.5,Mechanical Fault,375.09
379,2026-01-06,MILL-01,15.8,5.6,Mechanical Fault,99.97
380,2026-01-06,MILL-02,13.7,7.1,Operator Break,0.0
381,2026-01-07,MILL-01,13.9,5.0,Belt Replacement,0.0
382,2026-01-07,MILL-02,10.6,8.6,Scheduled Maintenance,0.0
383,2026-01-08,MILL-01,16.5,2.1,Operator Break,0.0
384,2026-01-08,MILL-02,12.9,7.4,Mechanical Fault,10.65
385,2026-01-09,MILL-01,13.1,6.2,Scheduled Maintenance,0.0
386,2026-01-09,MILL-02,14.9,5.9,Belt Replacement,0.0
387,2026-01-10,MILL-01,8.9,10.0,Scheduled Maintenance,0.0
388,2026-01-10,MILL-02,14.3,4.6,Operator Break,0.0
389,2026-01-11,MILL-01,13.6,4.6,Belt Replacement,0.0
390,2026-01-11,MILL-02,15.4,4.2,Power Outage,0.0
391,2026-01-12,MILL-01,14.4,5.0,Mechanical Fault,83.34
392,2026-01-12,MILL-02,14.4,6.1,Mechanical Fault,264.19
393,2026-01-13,MILL-01,13.8,5.4,Scheduled Maintenance,0.0
394,2026-01-13,MILL-02,17.1,3.6,Scheduled Maintenance,0.0
395,2026-01-14,MILL-01,14.1,5.3,Operator Break,0.0
396,2026-01-14,MILL-02,16.0,4.4,Mechanical Fault,52.88
397,2026-01-15,MILL-01,11.5,9.0,Power Outage,0.0
398,2026-01-15,MILL-02,10.2,8.1,Power Outage,0.0
399,2026-01-16,MILL-01,17.1,4.2,Mechanical Fault,280.54
400,2026-01-16,MILL-02,13.7,6.0,Scheduled Maintenance,0.0
401,2026-01-17,MILL-01,15.6,3.4,Scheduled Maintenance,0.0
402,2026-01-17,MILL-02,14.2,6.1,Operator Break,0.0
403,2026-01-18,MILL-01,12.7,7.1,Belt Replacement,0.0
404,2026-01-18,MILL-02,8.6,10.0,Power Outage,0.0
405,2026-01-19,MILL-01,11.5,10.0,Operator Break,0.0
406,2026-01-19,MILL-02,13.3,7.9,Operator Break,0.0
407,2026-01-20,MILL-01,13.4,6.7,Power Outage,0.0
408,2026-01-20,MILL-02,14.5,7.3,Power Outage,0.0
409,2026-01-21,MILL-01,14.1,4.8,Belt Replacement,0.0
410,2026-01-21,MILL-02,12.4,7.5,Scheduled Maintenance,0.0
411,2026-01-22,MILL-01,11.8,7.0,Operator Break,0.0
412,2026-01-22,MILL-02,8.1,10.0,Belt Replacement,0.0
413,2026-01-23,MILL-01,13.3,7.6,Mechanical Fault,133.32
414,2026-01-23,MILL-02,15.0,4.9,Scheduled Maintenance,0.0
415,2026-01-24,MILL-01,12.4,8.8,Power Outage,0.0
416,2026-01-24,MILL-02,13.3,8.7,Power Outage,0.0
417,2026-01-25,MILL-01,17.9,2.4,Power Outage,0.0
418,2026-01-25,MILL-02,13.3,4.7,Operator Break,0.0
419,2026-01-26,MILL-01,12.8,8.2,Operator Break,0.0
420,2026-01-26,MILL-02,17.9,3.5,Operator Break,0.0
421,2026-01-27,MILL-01,13.9,7.3,Scheduled Maintenance,0.0
422,2026-01-27,MILL-02,12.3,6.3,Mechanical Fault,140.49
423,2026-01-28,MILL-01,18.1,3.5,Scheduled Maintenance,0.0
424,2026-01-28,MILL-02,14.6,5.9,Operator Break,0.0
425,2026-01-29,MILL-01,19.8,0.0,,0.0
426,2026-01-29,MILL-02,12.1,9.7,Operator Break,0.0
427,2026-01-30,MILL-01,12.8,8.4,Scheduled Maintenance,0.0
428,2026-01-30,MILL-02,7.9,10.0,Operator Break,0.0
429,2026-01-31,MILL-01,15.4,6.2,Belt Replacement,0.0
430,2026-01-31,MILL-02,17.8,1.5,Scheduled Maintenance,0.0
431,2026-02-01,MILL-01,12.2,7.0,Scheduled Maintenance,0.0
432,2026-02-01,MILL-02,15.3,3.1,Power Outage,0.0
433,2026-02-02,MILL-01,11.7,7.5,Scheduled Maintenance,0.0
434,2026-02-02,MILL-02,15.8,5.8,Power Outage,0.0
435,2026-02-03,MILL-01,16.1,3.0,Scheduled Maintenance,0.0
436,2026-02-03,MILL-02,10.6,9.4,Belt Replacement,0.0
437,2026-02-04,MILL-01,12.9,7.3,Operator Break,0.0
438,2026-02-04,MILL-02,7.9,10.0,Power Outage,0.0
439,2026-02-05,MILL-01,16.9,2.7,Scheduled Maintenance,0.0
440,2026-02-05,MILL-02,17.4,0.9,,0.0
441,2026-02-06,MILL-01,14.2,7.5,Belt Replacement,0.0
442,2026-02-06,MILL-02,12.2,6.1,Scheduled Maintenance,0.0
443,2026-02-07,MILL-01,15.8,5.9,Scheduled Maintenance,0.0
444,2026-02-07,MILL-02,19.0,0.0,,0.0
445,2026-02-08,MILL-01,15.1,6.1,Mechanical Fault,73.63
446,2026-02-08,MILL-02,15.9,6.0,Operator Break,0.0
447,2026-02-09,MILL-01,10.5,10.0,Power Outage,0.0
448,2026-02-09,MILL-02,12.2,7.6,Mechanical Fault,221.09
449,2026-02-10,MILL-01,15.7,2.9,Scheduled Maintenance,0.0
450,2026-02-10,MILL-02,10.8,7.4,Mechanical Fault,259.48
451,2026-02-11,MILL-01,9.0,10.0,Operator Break,0.0
452,2026-02-11,MILL-02,16.4,4.1,Belt Replacement,0.0
453,2026-02-12,MILL-01,15.4,5.6,Mechanical Fault,248.34
454,2026-02-12,MILL-02,8.8,9.4,Operator Break,0.0
455,2026-02-13,MILL-01,10.7,9.0,Mechanical Fault,298.21
456,2026-02-13,MILL-02,12.2,8.0,Operator Break,0.0
457,2026-02-14,MILL-01,10.2,9.0,Operator Break,0.0
458,2026-02-14,MILL-02,12.0,8.6,Belt Replacement,0.0
459,2026-02-15,MILL-01,16.5,2.6,Operator Break,0.0
460,2026-02-15,MILL-02,13.1,5.6,Operator Break,0.0
461,2026-02-16,MILL-01,14.6,5.0,Power Outage,0.0
462,2026-02-16,MILL-02,12.4,8.5,Operator Break,0.0
463,2026-02-17,MILL-01,15.3,4.4,Belt Replacement,0.0
464,2026-02-17,MILL-02,10.9,10.0,Mechanical Fault,261.4
465,2026-02-18,MILL-01,11.8,7.9,Scheduled Maintenance,0.0
466,2026-02-18,MILL-02,16.4,3.8,Operator Break,0.0
467,2026-02-19,MILL-01,14.8,5.7,Belt Replacement,0.0
468,2026-02-19,MILL-02,13.3,8.4,Scheduled Maintenance,0.0
469,2026-02-20,MILL-01,14.3,4.1,Mechanical Fault,65.99
470,2026-02-20,MILL-02,12.4,9.1,Mechanical Fault,91.45
471,2026-02-21,MILL-01,11.8,6.8,Mechanical Fault,338.25
472,2026-02-21,MILL-02,14.9,3.6,Scheduled Maintenance,0.0
473,2026-02-22,MILL-01,14.2,5.8,Scheduled Maintenance,0.0
474,2026-02-22,MILL-02,15.7,4.4,Operator Break,0.0
475,2026-02-23,MILL-01,16.8,2.4,Mechanical Fault,128.09
476,2026-02-23,MILL-02,17.3,1.6,Belt Replacement,0.0
477,2026-02-24,MILL-01,15.7,4.2,Power Outage,0.0
478,2026-02-24,MILL-02,15.4,4.7,Mechanical Fault,391.57
479,2026-02-25,MILL-01,17.5,3.4,Scheduled Maintenance,0.0
480,2026-02-25,MILL-02,20.0,0.9,,0.0
481,2026-02-26,MILL-01,19.3,0.2,,0.0
482,2026-02-26,MILL-02,17.9,0.8,,0.0
483,2026-02-27,MILL-01,11.5,8.9,Operator Break,0.0
484,2026-02-27,MILL-02,16.2,2.5,Operator Break,0.0
485,2026-02-28,MILL-01,17.0,1.3,Operator Break,0.0
486,2026-02-28,MILL-02,10.8,8.4,Belt Replacement,0.0
487,2026-03-01,MILL-01,16.7,5.1,Power Outage,0.0
488,2026-03-01,MILL-02,14.3,7.0,Operator Break,0.0
489,2026-03-02,MILL-01,12.6,6.2,Mechanical Fault,82.1
490,2026-03-02,MILL-02,15.2,3.1,Power Outage,0.0
491,2026-03-03,MILL-01,12.1,6.3,Power Outage,0.0
492,2026-03-03,MILL-02,13.8,6.5,Belt Replacement,0.0
493,2026-03-04,MILL-01,15.4,2.9,Belt Replacement,0.0
494,2026-03-04,MILL-02,13.4,8.5,Power Outage,0.0
495,2026-03-05,MILL-01,18.6,2.3,Scheduled Maintenance,0.0
496,2026-03-05,MILL-02,10.2,10.0,Belt Replacement,0.0
497,2026-03-06,MILL-01,11.5,8.9,Scheduled Maintenance,0.0
498,2026-03-06,MILL-02,15.9,5.7,Power Outage,0.0
499,2026-03-07,MILL-01,14.2,4.9,Power Outage,0.0
500,2026-03-07,MILL-02,10.9,10.0,Operator Break,0.0
501,2026-03-08,MILL-01,12.7,7.3,Operator Break,0.0
502,2026-03-08,MILL-02,15.8,5.0,Mechanical Fault,137.57
503,2026-03-09,MILL-01,17.4,1.3,Power Outage,0.0
504,2026-03-09,MILL-02,13.9,5.4,Power Outage,0.0
505,2026-03-10,MILL-01,12.1,7.8,Belt Replacement,0.0
506,2026-03-10,MILL-02,12.3,9.5,Scheduled Maintenance,0.0
507,2026-03-11,MILL-01,14.0,7.3,Belt Replacement,0.0
508,2026-03-11,MILL-02,9.9,10.0,Operator Break,0.0
509,2026-03-12,MILL-01,9.5,10.0,Mechanical Fault,206.25
510,2026-03-12,MILL-02,11.9,9.4,Power Outage,0.0
511,2026-03-13,MILL-01,17.5,2.6,Mechanical Fault,167.62
512,2026-03-13,MILL-02,11.7,9.7,Operator Break,0.0
513,2026-03-14,MILL-01,17.1,2.8,Operator Break,0.0
514,2026-03-14,MILL-02,11.4,6.8,Scheduled Maintenance,0.0
515,2026-03-15,MILL-01,14.2,6.1,Belt Replacement,0.0
516,2026-03-15,MILL-02,13.9,4.7,Mechanical Fault,188.43
517,2026-03-16,MILL-01,14.3,7.4,Scheduled Maintenance,0.0
518,2026-03-16,MILL-02,13.7,7.4,Operator Break,0.0
519,2026-03-17,MILL-01,16.6,5.2,Belt Replacement,0.0
520,2026-03-17,MILL-02,14.0,4.7,Belt Replacement,0.0
521,2026-03-18,MILL-01,15.2,5.2,Power Outage,0.0
522,2026-03-18,MILL-02,12.3,7.9,Belt Replacement,0.0
523,2026-03-19,MILL-01,12.1,7.1,Mechanical Fault,129.32
524,2026-03-19,MILL-02,16.7,3.6,Scheduled Maintenance,0.0
525,2026-03-20,MILL-01,16.9,3.1,Belt Replacement,0.0
526,2026-03-20,MILL-02,12.8,5.6,Mechanical Fault,203.05
527,2026-03-21,MILL-01,12.2,9.7,Operator Break,0.0
528,2026-03-21,MILL-02,16.1,1.9,Mechanical Fault,307.46
529,2026-03-22,MILL-01,16.1,5.5,Operator Break,0.0
530,2026-03-22,MILL-02,15.4,5.4,Operator Break,0.0
531,2026-03-23,MILL-01,10.4,10.0,Belt Replacement,0.0
532,2026-03-23,MILL-02,10.6,7.7,Mechanical Fault,396.83
533,2026-03-24,MILL-01,18.9,1.2,Operator Break,0.0
534,2026-03-24,MILL-02,16.8,1.4,Operator Break,0.0
535,2026-03-25,MILL-01,12.5,8.1,Mechanical Fault,154.96
536,2026-03-25,MILL-02,16.3,3.4,Belt Replacement,0.0
537,2026-03-26,MILL-01,14.6,6.0,Belt Replacement,0.0
538,2026-03-26,MILL-02,13.2,7.6,Operator Break,0.0
539,2026-03-27,MILL-01,18.7,0.7,,0.0
540,2026-03-27,MILL-02,16.6,3.0,Operator Break,0.0
541,2026-03-28,MILL-01,11.8,9.6,Power Outage,0.0
542,2026-03-28,MILL-02,13.1,6.8,Scheduled Maintenance,0.0
543,2026-03-29,MILL-01,11.9,7.1,Scheduled Maintenance,0.0
544,2026-03-29,MILL-02,11.5,7.1,Power Outage,0.0
545,2026-03-30,MILL-01,18.4,1.0,Power Outage,0.0
546,2026-03-30,MILL-02,10.6,7.7,Power Outage,0.0
547,2026-03-31,MILL-01,19.0,1.6,Mechanical Fault,132.15
548,2026-03-31,MILL-02,15.0,5.9,Mechanical Fault,269.88
549,2026-04-01,MILL-01,10.9,7.6,Belt Replacement,0.0
550,2026-04-01,MILL-02,12.8,8.9,Belt Replacement,0.0
551,2026-04-02,MILL-01,15.9,4.6,Mechanical Fault,358.54
552,2026-04-02,MILL-02,14.5,4.9,Belt Replacement,0.0
553,2026-04-03,MILL-01,12.8,6.7,Power Outage,0.0
554,2026-04-03,MILL-02,12.1,8.6,Power Outage,0.0
555,2026-04-04,MILL-01,16.8,4.2,Belt Replacement,0.0
556,2026-04-04,MILL-02,13.3,7.7,Scheduled Maintenance,0.0
557,2026-04-05,MILL-01,13.7,6.1,Belt Replacement,0.0
558,2026-04-05,MILL-02,17.7,2.6,Operator Break,0.0
559,2026-04-06,MILL-01,15.2,4.9,Mechanical Fault,329.09
560,2026-04-06,MILL-02,12.7,6.0,Scheduled Maintenance,0.0
561,2026-04-07,MILL-01,11.8,10.0,Mechanical Fault,369.06
562,2026-04-07,MILL-02,14.4,5.4,Mechanical Fault,104.37
563,2026-04-08,MILL-01,12.7,8.0,Mechanical Fault,162.15
564,2026-04-08,MILL-02,15.9,3.9,Scheduled Maintenance,0.0
565,2026-04-09,MILL-01,11.4,9.6,Power Outage,0.0
566,2026-04-09,MILL-02,14.2,7.5,Mechanical Fault,363.77
567,2026-04-10,MILL-01,18.5,0.0,,0.0
568,2026-04-10,MILL-02,14.2,5.2,Scheduled Maintenance,0.0
569,2026-04-11,MILL-01,15.3,3.3,Power Outage,0.0
570,2026-04-11,MILL-02,10.1,8.3,Power Outage,0.0
571,2026-04-12,MILL-01,18.7,1.7,Scheduled Maintenance,0.0
572,2026-04-12,MILL-02,11.1,9.1,Mechanical Fault,203.92
573,2026-04-13,MILL-01,15.1,6.3,Scheduled Maintenance,0.0
574,2026-04-13,MILL-02,12.3,6.8,Scheduled Maintenance,0.0
575,2026-04-14,MILL-01,16.2,2.7,Operator Break,0.0
576,2026-04-14,MILL-02,17.1,2.5,Scheduled Maintenance,0.0
577,2026-04-15,MILL-01,13.7,6.0,Belt Replacement,0.0
578,2026-04-15,MILL-02,13.8,8.2,Scheduled Maintenance,0.0
579,2026-04-16,MILL-01,15.4,6.5,Power Outage,0.0
580,2026-04-16,MILL-02,15.5,4.3,Operator Break,0.0
581,2026-04-17,MILL-01,10.8,10.0,Power Outage,0.0
582,2026-04-17,MILL-02,10.8,9.3,Operator Break,0.0
583,2026-04-18,MILL-01,10.3,9.0,Scheduled Maintenance,0.0
584,2026-04-18,MILL-02,14.3,4.5,Mechanical Fault,368.65
585,2026-04-19,MILL-01,13.7,8.1,Power Outage,0.0
586,2026-04-19,MILL-02,15.9,5.1,Mechanical Fault,127.12
587,2026-04-20,MILL-01,17.4,1.9,Belt Replacement,0.0
588,2026-04-20,MILL-02,17.0,4.1,Belt Replacement,0.0
589,2026-04-21,MILL-01,15.4,6.5,Belt Replacement,0.0
590,2026-04-21,MILL-02,15.5,3.1,Scheduled Maintenance,0.0
591,2026-04-22,MILL-01,14.9,4.8,Mechanical Fault,189.29
592,2026-04-22,MILL-02,16.0,4.2,Operator Break,0.0
593,2026-04-23,MILL-01,13.9,5.6,Belt Replacement,0.0
594,2026-04-23,MILL-02,8.1,10.0,Operator Break,0.0
595,2026-04-24,MILL-01,14.5,6.6,Scheduled Maintenance,0.0
596,2026-04-24,MILL-02,18.0,1.1,Power Outage,0.0
597,2026-04-25,MILL-01,14.1,7.7,Scheduled Maintenance,0.0
598,2026-04-25,MILL-02,11.3,8.2,Operator Break,0.0
599,2026-04-26,MILL-01,13.8,7.5,Operator Break,0.0
600,2026-04-26,MILL-02,12.1,8.7,Mechanical Fault,108.05
601,2026-04-27,MILL-01,13.8,6.0,Power Outage,0.0
602,2026-04-27,MILL-02,14.4,6.8,Scheduled Maintenance,0.0
603,2026-04-28,MILL-01,13.5,6.3,Scheduled Maintenance,0.0
604,2026-04-28,MILL-02,15.7,5.0,Mechanical Fault,377.75
605,2026-04-29,MILL-01,14.9,7.0,Mechanical Fault,165.74
606,2026-04-29,MILL-02,15.5,5.7,Power Outage,0.0
607,2026-04-30,MILL-01,13.0,8.1,Operator Break,0.0
608,2026-04-30,MILL-02,13.5,7.3,Power Outage,0.0
609,2026-05-01,MILL-01,10.7,7.8,Power Outage,0.0
610,2026-05-01,MILL-02,12.4,8.5,Power Outage,0.0
611,2026-05-02,MILL-01,14.9,6.0,Belt Replacement,0.0
612,2026-05-02,MILL-02,8.7,10.0,Scheduled Maintenance,0.0
613,2026-05-03,MILL-01,12.4,8.1,Mechanical Fault,381.34
614,2026-05-03,MILL-02,10.3,8.1,Belt Replacement,0.0
615,2026-05-04,MILL-01,14.9,4.3,Operator Break,0.0
616,2026-05-04,MILL-02,15.3,4.7,Operator Break,0.0
617,2026-05-05,MILL-01,17.5,0.9,,0.0
618,2026-05-05,MILL-02,12.6,8.0,Belt Replacement,0.0
619,2026-05-06,MILL-01,10.8,10.0,Mechanical Fault,55.82
620,2026-05-06,MILL-02,10.0,9.2,Power Outage,0.0
621,2026-05-07,MILL-01,13.6,6.7,Belt Replacement,0.0
622,2026-05-07,MILL-02,16.0,4.7,Scheduled Maintenance,0.0
623,2026-05-08,MILL-01,13.4,6.8,Operator Break,0.0
624,2026-05-08,MILL-02,13.9,8.1,Scheduled Maintenance,0.0
625,2026-05-09,MILL-01,12.9,6.3,Operator Break,0.0
626,2026-05-09,MILL-02,13.3,5.3,Belt Replacement,0.0
627,2026-05-10,MILL-01,13.0,7.4,Scheduled Maintenance,0.0
628,2026-05-10,MILL-02,11.6,7.3,Power Outage,0.0
629,2026-05-11,MILL-01,15.1,4.1,Belt Replacement,0.0
630,2026-05-11,MILL-02,13.8,7.7,Power Outage,0.0
631,2026-05-12,MILL-01,13.8,5.1,Belt Replacement,0.0
632,2026-05-12,MILL-02,10.8,9.3,Operator Break,0.0
633,2026-05-13,MILL-01,18.1,1.0,,0.0
634,2026-05-13,MILL-02,16.0,4.1,Scheduled Maintenance,0.0
635,2026-05-14,MILL-01,8.7,10.0,Mechanical Fault,103.73
636,2026-05-14,MILL-02,13.9,4.8,Belt Replacement,0.0
637,2026-05-15,MILL-01,12.0,9.4,Operator Break,0.0
638,2026-05-15,MILL-02,14.5,5.7,Operator Break,0.0
639,2026-05-16,MILL-01,13.5,6.7,Scheduled Maintenance,0.0
640,2026-05-16,MILL-02,20.0,0.0,,0.0
641,2026-05-17,MILL-01,14.5,6.2,Mechanical Fault,356.51
642,2026-05-17,MILL-02,9.6,9.4,Scheduled Maintenance,0.0
643,2026-05-18,MILL-01,15.0,5.3,Power Outage,0.0
644,2026-05-18,MILL-02,13.5,7.0,Belt Replacement,0.0
645,2026-05-19,MILL-01,19.4,0.8,,0.0
646,2026-05-19,MILL-02,14.4,6.0,Mechanical Fault,364.49
647,2026-05-20,MILL-01,13.7,6.7,Power Outage,0.0
648,2026-05-20,MILL-02,14.3,5.6,Scheduled Maintenance,0.0
649,2026-05-21,MILL-01,13.9,7.8,Mechanical Fault,399.8
650,2026-05-21,MILL-02,15.8,5.0,Mechanical Fault,294.19
651,2026-05-22,MILL-01,13.9,5.6,Belt Replacement,0.0
652,2026-05-22,MILL-02,14.1,7.8,Belt Replacement,0.0
653,2026-05-23,MILL-01,16.7,4.3,Operator Break,0.0
654,2026-05-23,MILL-02,11.2,7.7,Scheduled Maintenance,0.0
655,2026-05-24,MILL-01,11.7,7.6,Mechanical Fault,251.55
656,2026-05-24,MILL-02,13.3,7.8,Scheduled Maintenance,0.0
657,2026-05-25,MILL-01,15.1,6.3,Belt Replacement,0.0
658,2026-05-25,MILL-02,15.6,4.3,Mechanical Fault,296.74
659,2026-05-26,MILL-01,16.8,3.4,Mechanical Fault,63.3
660,2026-05-26,MILL-02,15.0,6.5,Operator Break,0.0
661,2026-05-27,MILL-01,13.9,7.1,Belt Replacement,0.0
662,2026-05-27,MILL-02,13.3,8.3,Scheduled Maintenance,0.0
663,2026-05-28,MILL-01,18.2,0.5,,0.0
664,2026-05-28,MILL-02,15.8,4.5,Mechanical Fault,303.69
665,2026-05-29,MILL-01,17.7,1.5,Power Outage,0.0
666,2026-05-29,MILL-02,16.0,4.5,Power Outage,0.0
667,2026-05-30,MILL-01,10.8,7.4,Scheduled Maintenance,0.0
668,2026-05-30,MILL-02,16.4,2.9,Power Outage,0.0
669,2026-05-31,MILL-01,10.3,8.6,Scheduled Maintenance,0.0
670,2026-05-31,MILL-02,13.7,7.2,Mechanical Fault,36.18
671,2026-06-01,MILL-01,14.2,3.9,Scheduled Maintenance,0.0
672,2026-06-01,MILL-02,14.7,6.0,Power Outage,0.0
673,2026-06-02,MILL-01,14.9,3.9,Belt Replacement,0.0
674,2026-06-02,MILL-02,14.3,6.4,Belt Replacement,0.0
675,2026-06-03,MILL-01,11.4,7.6,Belt Replacement,0.0
676,2026-06-03,MILL-02,15.1,4.2,Mechanical Fault,145.94
677,2026-06-04,MILL-01,14.1,4.0,Mechanical Fault,201.76
678,2026-06-04,MILL-02,14.7,7.1,Power Outage,0.0
679,2026-06-05,MILL-01,15.4,4.0,Belt Replacement,0.0
680,2026-06-05,MILL-02,14.8,6.5,Mechanical Fault,319.91
681,2026-06-06,MILL-01,11.2,7.8,Mechanical Fault,234.05
682,2026-06-06,MILL-02,11.2,10.0,Scheduled Maintenance,0.0
683,2026-06-07,MILL-01,9.0,10.0,Belt Replacement,0.0
684,2026-06-07,MILL-02,13.1,6.3,Belt Replacement,0.0
685,2026-06-08,MILL-01,16.6,1.7,Power Outage,0.0
686,2026-06-08,MILL-02,12.5,5.9,Operator Break,0.0
687,2026-06-09,MILL-01,14.2,5.8,Power Outage,0.0
688,2026-06-09,MILL-02,13.4,5.0,Power Outage,0.0
689,2026-06-10,MILL-01,14.4,4.8,Scheduled Maintenance,0.0
690,2026-06-10,MILL-02,16.8,1.5,Belt Replacement,0.0
691,2026-06-11,MILL-01,10.8,10.0,Belt Replacement,0.0
692,2026-06-11,MILL-02,16.7,3.4,Operator Break,0.0
693,2026-06-12,MILL-01,12.0,9.9,Operator Break,0.0
694,2026-06-12,MILL-02,15.9,4.1,Mechanical Fault,240.77
695,2026-06-13,MILL-01,17.0,3.0,Mechanical Fault,58.56
696,2026-06-13,MILL-02,15.7,5.6,Operator Break,0.0
697,2026-06-14,MILL-01,19.7,0.0,,0.0
698,2026-06-14,MILL-02,15.4,3.0,Mechanical Fault,318.83
699,2026-06-15,MILL-01,20.0,0.0,,0.0
700,2026-06-15,MILL-02,10.7,8.7,Operator Break,0.0
701,2026-06-16,MILL-01,13.6,4.7,Power Outage,0.0
702,2026-06-16,MILL-02,14.9,3.4,Belt Replacement,0.0
703,2026-06-17,MILL-01,16.8,1.4,Belt Replacement,0.0
704,2026-06-17,MILL-02,14.0,6.4,Scheduled Maintenance,0.0
705,2026-06-18,MILL-01,11.6,7.4,Power Outage,0.0
706,2026-06-18,MILL-02,16.7,1.9,Operator Break,0.0
707,2026-06-19,MILL-01,11.4,7.2,Power Outage,0.0
708,2026-06-19,MILL-02,11.8,8.8,Power Outage,0.0
709,2026-06-20,MILL-01,10.0,10.0,Belt Replacement,0.0
710,2026-06-20,MILL-02,14.0,8.0,Mechanical Fault,381.11
711,2026-06-21,MILL-01,14.6,3.5,Mechanical Fault,340.15
712,2026-06-21,MILL-02,11.1,7.6,Power Outage,0.0
713,2026-06-22,MILL-01,8.4,10.0,Power Outage,0.0
714,2026-06-22,MILL-02,13.8,6.9,Operator Break,0.0
715,2026-06-23,MILL-01,16.7,3.5,Operator Break,0.0
716,2026-06-23,MILL-02,19.1,2.8,Scheduled Maintenance,0.0
717,2026-06-24,MILL-01,10.6,10.0,Operator Break,0.0
718,2026-06-24,MILL-02,18.1,1.4,Belt Replacement,0.0
719,2026-06-25,MILL-01,15.2,3.2,Mechanical Fault,325.16
720,2026-06-25,MILL-02,11.1,8.8,Belt Replacement,0.0
721,2026-06-26,MILL-01,11.7,7.1,Power Outage,0.0
722,2026-06-26,MILL-02,17.3,3.7,Belt Replacement,0.0
723,2026-06-27,MILL-01,12.1,9.7,Operator Break,0.0
724,2026-06-27,MILL-02,19.3,2.0,Mechanical Fault,329.98
725,2026-06-28,MILL-01,12.2,7.5,Scheduled Maintenance,0.0
726,2026-06-28,MILL-02,10.0,10.0,Scheduled Maintenance,0.0
727,2026-06-29,MILL-01,18.2,3.7,Scheduled Maintenance,0.0
728,2026-06-29,MILL-02,10.5,8.4,Mechanical Fault,8.74
729,2026-06-30,MILL-01,19.3,1.8,Power Outage,0.0
730,2026-06-30,MILL-02,15.9,2.6,Mechanical Fault,354.77
